Município,Grau de Urbanização (%),Razão de Dependência (%),PCT,PCF,PCPR,PCPA,População,Areakm2,Densidade Demográfica (hab/km²),População feminina (%),População preta ou parda (%),PCU,PPT,PP14,PP65
Abatiá,73.83,45.72,7764,3848,320,2032,7321,227.96,32,49.56,30.29,5732,7486,1295,1041
Adrianópolis,32.31,62.03,6376,3078,367,2976,8556,1342.46,6,48.27,52.43,2060,6582,1412,899
Agudos do Sul,34.12,49.76,8270,3964,173,2020,10092,191.84,53,47.93,26.52,2822,9716,2013,928
Almirante Tamandaré,95.82,47.08,103204,52068,3700,32004,122032,193.98,629,50.45,34.6,98892,122579,29856,8805
Altamira do Paraná,49.58,50.93,4306,2104,139,2033,3435,388.49,9,48.86,50.44,2135,3783,678,623
Alto Paraíso,55.27,48.98,3206,1587,199,1605,3059,1045.12,3,49.5,56.27,1772,3245,577,406
Alto Paraná,82.13,45.01,13663,6821,603,4778,13897,407.79,34,49.92,39.38,11221,14859,2842,1751
Alto Piquiri,82.29,47.67,10179,5050,347,5042,9646,448.46,22,49.61,52.94,8376,10219,1893,1431
Altônia,73.57,47.49,20516,10359,556,6545,18735,728.31,26,50.49,34.61,15094,21899,4331,2888
Alvorada do Sul,71.36,44.81,10283,5078,267,3823,11672,427.43,27,49.38,39.77,7338,11345,2119,1494
Amaporã,79.55,48.8,5443,2686,562,2750,4765,384.02,12,49.35,60.85,4330,6328,1487,515
Ampére,76.59,46.95,17308,8722,314,3033,19506,298.15,65,50.39,19.34,13257,19213,3872,2020
Anahy,73.35,50.71,2874,1435,183,941,3107,105.13,30,49.93,39.11,2108,2877,540,498
Andirá,93.89,44.33,20610,10569,754,4870,20234,233.54,87,51.28,27.29,19351,19941,3575,2947
Ângulo,78.8,45.13,2859,1402,93,1053,3447,105.64,33,49.04,40.08,2253,2940,549,347
Antonina,85.03,55.32,18891,9542,595,5626,17261,887.77,19,50.51,32.93,16063,19792,4140,2575
Antônio Olinto,9.35,48.45,7351,3494,161,1723,6520,466.65,14,47.53,25.63,687,7669,1426,941
Apucarana,94.36,42.69,120919,62237,5171,33294,135969,557.04,244,51.47,31.81,114098,136234,26293,16777
Arapongas,97.79,41.22,104150,53111,3043,20826,118573,382.56,310,50.99,22.92,101851,127953,24669,14213
Arapoti,84.23,48.39,25855,12906,871,7475,25541,1364.52,19,49.92,32.28,21778,28320,6330,2592
Arapuã,37.46,51.73,3561,1797,83,1128,3537,217.69,16,50.46,34.01,1334,3554,584,683
Araruna,78.06,43.63,13419,6595,241,4263,14520,494.02,29,49.15,33.56,10475,13797,2469,1763
Araucária,92.51,42.54,119123,59517,4471,31614,166699,470.02,355,49.96,30.29,110205,151761,33502,11123
Ariranha do Ivaí,36.85,47.68,2453,1224,12,1008,2340,240.53,10,49.9,41.58,904,2504,434,431
Assaí,83.08,47.91,16354,8342,584,5308,17628,441.79,40,51.01,36.03,13587,15727,3004,2361
Assis Chateaubriand,87.85,45.02,33025,16847,1016,9934,36400,978.06,37,51.01,33.16,29013,34161,5775,5028
Astorga,91.34,43.0,24698,12556,716,7192,25477,436.18,58,50.84,32.02,22559,26024,4716,3830
Atalaia,85.54,42.34,3913,1943,122,1153,3978,137.25,29,49.65,32.58,3347,4050,575,664
Balsa Nova,60.8,42.68,11300,5579,157,2231,14608,347.62,42,49.37,21.13,6870,12738,2696,1094
Bandeirantes,88.19,45.01,32184,16633,1821,9629,31309,446.07,70,51.68,35.58,28384,31069,5801,4233
Barbosa Ferraz,75.7,50.17,12656,6305,984,5294,10766,534.67,20,49.82,49.6,9581,11688,1996,1994
Barra do Jacaré,67.88,41.74,2727,1342,122,470,3022,115.62,26,49.21,21.71,1851,2736,400,467
Barracão,71.99,46.61,9735,4941,216,3360,9886,164.92,60,50.76,36.73,7008,10307,1872,1232
Bela Vista da Caroba,26.39,51.79,3945,1927,109,1340,3416,148.16,23,48.85,36.73,1041,3984,692,609
Bela Vista do Paraíso,94.14,46.71,15079,7762,539,5033,14789,245.49,60,51.48,36.95,14196,15524,2696,2400
Bituruna,62.34,53.76,15880,7730,134,5055,15443,1237.84,12,48.68,32.68,9899,16285,3990,1517
Boa Esperança,57.79,43.2,4568,2288,118,1629,4552,301.45,15,50.09,38.24,2640,4241,641,624
Boa Esperança do Iguaçu,34.48,47.73,2764,1362,105,527,2411,150.99,16,49.28,22.87,953,2808,509,314
Boa Ventura de São Roque,23.56,50.15,6554,3208,238,1845,6347,621.43,10,48.95,31.78,1544,6359,1393,599
Boa Vista da Aparecida,61.94,56.31,7911,3917,227,2161,7876,265.8,30,49.51,30.19,4900,7980,1642,1168
Bocaiúva do Sul,46.67,54.25,10987,5435,357,2953,16292,812.22,20,49.47,30.13,5128,13609,3417,1151
Bom Jesus do Sul,24.58,54.06,3796,1827,76,1062,3942,176.95,22,48.13,29.98,933,3814,699,699
Bom Sucesso,81.22,48.07,6561,3334,334,2921,6583,321.5,20,50.82,49.61,5329,7070,1397,800
Bom Sucesso do Sul,48.01,42.62,3293,1655,84,471,3540,196.97,18,50.26,16.85,1581,3355,562,501
Borrazópolis,73.74,45.24,7878,3945,188,2248,7706,338.51,23,50.08,30.92,5809,8115,1200,1487
Braganey,59.58,49.15,5735,2796,131,1580,5212,342.41,15,48.75,29.83,3417,5834,1062,758
Brasilândia do Sul,67.93,46.86,3209,1606,195,1712,3703,291.44,13,50.05,59.43,2180,3188,512,540
Cafeara,81.45,44.58,2695,1319,133,788,2620,184.9,14,48.94,34.17,2195,2939,520,322
Cafelândia,84.22,40.95,14662,7317,404,4261,18262,275.03,66,49.9,31.82,12348,17229,3503,1533
Cafezal do Sul,77.51,46.52,4290,2120,200,1719,4474,331.45,13,49.42,44.73,3325,4331,710,679
Califórnia,74.71,46.66,8069,4018,270,2267,9438,141.59,67,49.8,31.44,6028,8584,1684,1201
Cambará,93.63,45.32,23886,12238,1339,4965,23956,371.48,64,51.24,26.39,22365,25103,4687,3367
Cambé,96.09,42.56,96733,49434,4081,27482,107220,497.75,215,51.1,32.63,92952,106357,19925,12773
Cambira,75.66,42.61,7236,3557,344,1674,10482,163.35,64,49.16,27.89,5475,7894,1405,1085
Campina da Lagoa,81.57,49.43,15394,7747,283,5356,15737,799.09,20,50.32,36.63,12557,14176,2699,2089
Campina do Simão,34.05,53.87,4076,1940,155,1331,3937,450.26,9,47.6,36.46,1388,3939,880,383
Campina Grande do Sul,82.44,46.16,38769,19540,1602,9776,52083,542.13,96,50.4,29.35,31961,44170,10515,3541
Campo Bonito,58.54,50.2,4407,2192,111,1519,4266,427.9,10,49.74,36.99,2580,4449,841,557
Campo do Tenente,58.86,52.8,7125,3449,118,2834,7583,304.64,25,48.41,41.43,4194,8206,2023,636
Campo Largo,83.8,41.76,112377,56717,2961,20002,144165,1241.19,116,50.47,20.43,94171,136848,28033,11833
Campo Magro,78.68,45.37,24843,12336,824,7390,31678,274.58,115,49.66,33.06,19547,30805,6980,2414
Campo Mourão,94.82,41.94,87194,45181,3000,25317,99170,746.6,133,51.82,32.48,82676,94236,17536,10743
Cândido de Abreu,28.53,52.87,16655,8112,348,4095,16727,1508.19,11,48.71,26.68,4752,17171,3704,1968
Candói,46.89,51.11,14983,7432,659,6038,14922,1509.64,10,49.6,44.7,7026,15932,3668,1417
Cantagalo,65.7,54.37,12952,6390,411,5300,10589,583.14,18,49.34,44.09,8509,13238,3113,1341
Capanema,60.19,44.66,18526,9366,239,3149,19205,416.88,46,50.56,18.29,11150,18899,3295,2592
Capitão Leônidas Marques,76.75,47.74,14970,7496,666,3209,14644,277.98,53,50.07,25.89,11490,15629,3082,2007
Carambeí,72.63,49.17,19163,9461,491,4570,23386,648.75,36,49.37,26.41,13918,23051,6037,1502
Carlópolis,68.24,47.06,13706,6781,201,1126,16908,454.14,37,49.47,9.68,9353,14123,2661,1743
Cascavel,94.36,39.98,286205,146434,7250,74815,350644,2086.39,168,51.16,28.67,270049,335451,67086,32262
Castro,73.44,52.3,67084,33694,2417,19379,75956,2526.15,30,50.23,32.49,49266,71299,17642,6126
Catanduvas,52.36,50.41,10202,5010,369,3714,11246,587.26,19,49.11,40.02,5342,10445,2224,1118
Centenário do Sul,83.41,44.91,11190,5628,589,4546,10836,370.35,29,50.29,45.89,9334,11542,1919,1537
Cerro Azul,28.39,57.52,16938,8220,169,5953,16145,1350.33,12,48.53,36.14,4808,17792,4074,1708
Céu Azul,76.02,43.98,11032,5619,143,2900,11081,1176.6,9,50.93,27.58,8387,11689,2092,1473
Chopinzinho,63.56,46.39,19679,9904,455,5355,21646,958.65,23,50.33,29.52,12508,20107,3829,2639
Cianorte,89.03,40.16,69958,35917,1850,16268,82232,810.74,101,51.34,25.9,62282,82673,15883,8558
Cidade Gaúcha,82.95,46.46,11062,5531,464,4869,11467,403.26,28,50.0,48.21,9176,13010,2652,1311
Clevelândia,85.6,54.12,17240,8801,295,5925,17321,701.97,25,51.05,36.08,14758,17302,3676,2210
Colombo,95.42,44.49,212967,107957,8124,65651,238780,197.38,1210,50.69,34.64,203203,248402,56777,18378
Colorado,94.0,40.43,22345,11303,843,7863,22902,408.73,56,50.58,38.96,21005,23784,3709,3265
Congonhinhas,58.39,50.36,8279,4042,362,2402,8336,535.79,16,48.82,33.39,4834,8386,1633,1112
Conselheiro Mairinck,69.17,48.29,3636,1797,174,1073,4354,204.51,21,49.42,34.3,2515,3834,741,487
Contenda,58.09,47.36,15891,7796,557,3453,17435,295.81,59,49.06,25.23,9231,19211,4121,1821
Corbélia,85.68,44.74,16312,8339,422,3022,17466,528.35,33,51.12,21.11,13976,16845,3192,2096
Cornélio Procópio,94.42,41.59,46928,24231,2750,11354,44599,635.7,70,51.63,30.05,44308,46903,7879,7203
Coronel Domingos Soares,24.22,54.07,7238,3447,151,2722,7007,1553.69,5,47.62,39.69,1753,7716,1956,598
Coronel Vivida,71.01,47.03,21749,11128,545,5073,26413,682.04,39,51.17,25.83,15445,22071,4056,3214
Corumbataí do Sul,53.15,48.83,4002,1972,148,2073,3752,167.9,22,49.28,55.5,2127,3669,600,618
Cruz Machado,33.58,52.95,18040,8718,494,1652,15993,1477.01,11,48.33,11.9,6057,18576,3874,1701
Cruzeiro do Iguaçu,61.31,50.11,4278,2145,45,1078,4137,160.13,26,50.14,26.25,2623,4318,854,541
Cruzeiro do Oeste,86.54,45.66,20416,10428,941,8166,23852,775.43,31,51.08,44.61,17667,20759,3713,2873
Cruzeiro do Sul,74.6,43.22,4563,2253,178,2010,4495,258.97,17,49.38,47.95,3404,4574,851,595
Cruzmaltina,47.53,44.32,3162,1527,98,996,3150,306.19,10,48.29,34.6,1503,3250,557,434
Curitiba,100.0,37.98,1751907,916792,49320,296140,1871789,434.87,4304,52.33,19.72,1751907,1923186,347942,227182
Curiúva,68.76,50.73,13923,6816,545,4095,13272,574.96,23,48.95,33.33,9573,14939,3227,1562
Diamante do Norte,82.51,47.29,5516,2786,511,2463,5151,242.28,21,50.51,53.92,4551,5517,921,911
Diamante do Sul,40.03,57.61,3510,1714,51,1143,3173,347.17,9,48.83,34.02,1405,3531,779,363
Diamante D'Oeste,50.94,53.54,5027,2457,143,1780,5106,308.04,17,48.88,38.25,2561,5202,1218,666
Dois Vizinhos,77.66,42.01,36179,18193,633,8114,44828,419.44,107,50.29,24.18,28095,41174,8075,4230
Douradina,70.33,44.28,7445,3675,314,2563,9168,421.15,22,49.36,38.64,5236,8686,1713,986
Doutor Camargo,87.66,44.19,5828,2960,177,1324,6290,117.96,53,50.79,25.75,5109,6015,832,1047
Doutor Ulysses,16.22,58.6,5727,2747,164,1859,6216,780.79,8,47.97,35.32,929,5880,1333,615
Enéas Marques,34.84,46.04,6103,2969,41,992,5995,194.33,31,48.65,16.93,2126,6191,1105,767
Engenheiro Beltrão,88.29,43.91,13906,6980,508,5122,12444,470.21,26,50.19,40.49,12278,13705,2361,1812
Entre Rios do Oeste,67.29,41.53,3926,1967,63,442,4511,120.13,38,50.1,12.86,2642,4578,856,591
Esperança Nova,38.17,49.24,1970,989,64,733,1845,143.14,13,50.2,40.46,752,1998,302,358
Espigão Alto do Iguaçu,35.19,59.08,4677,2291,146,1330,5915,326.08,18,48.98,31.56,1646,4448,991,683
Farol,58.12,49.01,3472,1749,126,1373,3052,289.44,11,50.37,43.17,2018,3204,630,431
Faxinal,78.09,49.64,16314,8289,532,4213,16338,715.57,23,50.81,29.09,12739,17222,3490,2180
Fazenda Rio Grande,92.96,47.49,81675,41101,2913,23875,167315,116.78,1433,50.32,32.8,75928,103841,25453,6509
Fênix,83.19,46.09,4802,2404,171,2145,4492,233.84,19,50.06,48.23,3995,4740,733,768
Fernandes Pinheiro,35.3,49.84,5932,2893,84,1952,6288,404.5,16,48.77,34.32,2094,6087,1328,566
Figueira,85.51,50.15,8293,4190,227,2582,8064,129.69,62,50.52,33.87,7091,8275,1550,1216
Flor da Serra do Sul,34.79,48.99,4726,2328,88,1224,4230,249.4,17,49.26,27.76,1644,4775,846,633
Floraí,88.55,41.42,5050,2548,139,1096,6569,189.8,35,50.46,24.46,4472,5211,724,934
Floresta,92.23,41.15,5931,2978,236,1758,11559,161.65,72,50.21,33.62,5470,6501,1181,759
Florestópolis,93.96,44.41,11222,5535,597,5029,11475,246.83,46,49.32,50.13,10544,11590,2190,1280
Flórida,91.31,46.15,2543,1254,25,1018,2651,83.82,32,49.31,41.01,2322,2703,511,373
Formosa do Oeste,65.91,43.26,7541,3757,284,1630,7641,275.52,28,49.82,25.38,4970,7762,1009,1461
Foz do Iguaçu,99.17,43.88,256088,131870,8595,82298,286323,608.36,471,51.49,35.49,253962,265001,56569,25968
Foz do Jordão,72.45,56.87,5420,2735,204,2175,4845,230.76,21,50.46,43.89,3927,5245,1210,536
Francisco Alves,65.97,51.8,6418,3194,212,2818,8141,319.91,25,49.77,47.21,4234,6464,1240,1039
Francisco Beltrão,85.44,40.99,78943,39985,1264,16863,96622,732.94,132,50.65,22.96,67449,91753,18126,9415
General Carneiro,70.01,57.24,13669,6771,316,5007,11053,1072.21,10,49.54,38.94,9569,13938,3302,1295
Godoy Moreira,46.36,48.44,3337,1636,138,1460,2977,130.32,23,49.03,47.89,1547,3475,550,592
Goioerê,86.99,45.53,29018,15012,944,12383,28470,564.61,50,51.73,45.93,25242,28148,4971,3891
Goioxim,23.4,57.23,7503,3579,207,3455,6570,702.81,9,47.7,48.81,1756,7246,1687,700
Grandes Rios,53.74,48.11,6625,3240,213,2497,5625,308.59,18,48.91,40.91,3560,6772,1261,979
Guaíra,91.86,48.09,30704,15772,828,11233,31971,568.71,56,51.37,39.28,28206,33205,7378,3789
Guairaçá,80.02,46.92,6197,3091,209,2754,6582,495.77,13,49.88,47.81,4959,6667,1388,847
Guamiranga,28.3,46.84,7900,3892,122,2636,7856,243.55,32,49.27,34.91,2236,8912,1955,804
Guapirama,74.53,45.51,3891,1957,242,759,4627,188.4,25,50.3,25.73,2900,3804,789,444
Guaporema,57.73,45.89,2219,1084,165,907,2186,200.6,11,48.85,48.31,1281,2417,420,339
Guaraci,80.35,47.41,5227,2653,162,2138,4751,212.08,22,50.76,44.0,4200,5577,1098,721
Guaraniaçu,53.52,49.34,14582,7319,1115,3280,14398,1237.13,12,50.19,30.14,7804,14786,2727,2153
Guarapuava,91.43,46.32,167328,85531,5039,43671,190342,3163.44,60,51.12,29.11,152993,180368,38716,16910
Guaraqueçaba,34.09,56.57,7871,3695,103,3375,7446,2307.14,3,46.94,44.19,2683,8236,1876,841
Guaratuba,89.75,49.43,32095,16120,576,7740,42801,1327.0,32,50.23,25.91,28805,39096,8268,4710
Honório Serpa,33.38,51.41,5955,2863,105,2397,5471,503.02,11,48.08,42.02,1988,5959,1259,700
Ibaiti,80.4,48.5,28751,14278,859,7686,30943,898.93,34,49.66,29.72,23116,30945,6553,3314
Ibema,81.45,50.11,6066,3030,147,1978,6218,150.26,41,49.95,35.03,4941,6348,1267,725
Ibiporã,95.22,43.59,48198,24761,1314,11230,54917,298.49,184,51.37,26.03,45895,55681,10712,6583
Icaraíma,70.6,49.86,8839,4381,288,3776,8992,694.5,13,49.56,45.98,6240,8900,1555,1366
Iguaraçu,89.38,41.16,3982,1978,160,1466,5478,163.78,33,49.67,40.83,3559,4428,857,455
Iguatu,64.37,49.63,2234,1098,46,985,2142,107.29,20,49.15,46.15,1438,2282,430,304
Imbaú,62.62,55.85,11274,5526,455,2888,11619,331.66,35,49.02,29.65,7060,13324,3434,1110
Imbituva,62.86,48.77,28455,14065,494,5015,29893,760.55,39,49.43,19.36,17888,32287,7335,2595
Inácio Martins,57.46,58.04,10943,5339,319,2461,10776,938.63,11,48.79,25.4,6288,11000,2875,874
Inajá,92.4,48.58,2988,1460,108,1617,2529,193.85,13,48.86,57.73,2761,3040,575,371
Indianópolis,73.2,46.57,4299,2112,151,1298,4223,123.87,34,49.13,33.71,3147,4647,852,711
Ipiranga,34.55,50.2,14150,6822,165,3252,14230,926.14,15,48.21,24.15,4889,15175,3532,1256
Iporã,78.61,48.96,14981,7588,330,5938,15730,654.52,24,50.65,41.84,11777,15030,2626,2370
Iracema do Oeste,77.66,47.82,2578,1258,117,931,2347,81.9,29,48.8,40.65,2002,2624,404,374
Irati,79.94,44.0,56207,28499,634,9501,59253,1000.0,59,50.7,18.03,44932,60334,12133,6247
Iretama,58.25,52.64,10622,5189,305,4931,10681,571.0,19,48.85,49.29,6187,9933,1821,1387
Itaguajé,79.6,49.53,4568,2272,172,2297,4489,194.31,23,49.74,54.05,3636,4661,969,571
Itaipulândia,52.53,44.28,9026,4477,153,1722,10909,328.82,33,49.6,20.77,4741,10338,1968,1274
Itambaracá,75.16,48.91,6759,3369,203,1972,5920,207.41,29,49.84,32.18,5080,6590,1198,1061
Itambé,94.9,42.36,5979,3033,236,2039,6734,244.13,28,50.73,38.05,5674,6182,1131,760
Itapejara d'Oeste,66.35,45.68,10531,5269,303,1731,13177,253.85,52,50.03,19.31,6987,12027,2254,1540
Itaperuçu,83.54,51.34,23887,11903,288,8302,31843,322.85,99,49.83,35.96,19956,29923,7677,1785
Itaúna do Sul,71.14,55.44,3583,1761,344,1774,3566,127.18,28,49.15,59.11,2549,3592,732,508
Ivaí,36.12,52.52,12815,6131,573,2027,13142,601.65,22,47.84,20.29,4629,14039,3273,1266
Ivaiporã,86.24,45.68,31816,16396,794,10573,32604,430.92,76,51.53,35.73,27438,33052,5906,4713
Ivaté,69.64,45.28,7514,3706,183,3529,6771,411.49,16,49.32,49.4,5233,8322,1650,936
Ivatuba,76.21,38.2,3010,1574,163,957,2786,94.93,29,52.29,37.21,2294,3004,547,388
Jaboti,61.75,47.12,4902,2414,96,691,5425,138.96,39,49.25,16.05,3027,5251,922,706
Jacarezinho,88.89,45.05,39121,19985,3278,10576,40356,602.25,67,51.09,35.41,34774,38834,7803,4576
Jaguapitã,84.91,44.28,12225,6116,542,4412,15193,477.54,32,50.03,40.52,10380,13823,2593,1670
Jaguariaíva,86.0,47.53,32606,16514,1000,8682,35527,1447.31,25,50.65,29.69,28041,34709,8304,2824
Jandaia do Sul,90.44,44.19,20269,10389,380,5157,23006,189.02,122,51.26,27.32,18331,21259,3489,3263
Janiópolis,61.82,47.35,6532,3259,240,2787,5862,338.86,17,49.89,46.34,4038,5962,942,1075
Japira,55.74,51.0,4903,2364,274,1216,4971,187.48,27,48.22,30.39,2733,4898,989,658
Japurá,89.12,42.67,8549,4225,182,1774,9127,165.4,55,49.42,22.88,7619,9414,1561,1348
Jardim Alegre,58.19,48.68,12324,6055,602,4143,12070,415.59,29,49.13,38.5,7171,12665,2211,2028
Jardim Olinda,71.04,47.08,1409,710,58,750,1280,128.98,10,50.39,57.35,1001,1435,278,167
Jataizinho,93.08,49.39,11875,6002,464,3823,11857,159.46,74,50.54,36.1,11053,12561,2645,1424
Jesuítas,67.44,47.58,9001,4532,239,2904,10508,249.42,42,50.35,34.92,6070,9194,1584,1595
Joaquim Távora,76.56,45.2,10736,5415,189,1951,11870,289.12,41,50.44,19.93,8220,11383,2276,1296
Jundiaí do Sul,57.56,51.37,3433,1695,31,1123,3446,320.28,11,49.37,33.61,1976,3347,622,487
Juranda,76.42,43.74,7641,3826,196,3005,7773,354.27,22,50.07,41.89,5839,7154,1051,991
Jussara,89.62,45.34,6610,3350,161,2168,7477,207.8,36,50.68,35.23,5924,7190,1342,881
Kaloré,71.42,46.78,4506,2218,182,860,4579,193.09,24,49.22,23.12,3218,4639,696,889
Lapa,60.58,46.05,44932,22286,1373,11228,45620,2098.44,22,49.6,28.04,27222,48272,9878,4922
Laranjal,31.93,60.16,6360,3124,122,2519,5628,558.63,10,49.12,41.53,2031,6058,1481,538
Laranjeiras do Sul,81.33,49.1,30777,15785,599,7852,31953,669.18,48,51.29,27.46,25031,31600,6457,3631
Leópolis,57.93,43.87,4145,2091,209,1573,3940,344.69,11,50.45,42.99,2401,3956,657,685
Lidianópolis,51.5,46.61,3973,2011,240,1383,3936,152.82,26,50.62,40.85,2046,4104,655,806
Lindoeste,44.47,49.87,5361,2569,102,2162,5147,346.16,15,47.92,42.23,2384,5445,973,861
Loanda,90.91,44.71,21201,10754,1046,8775,23149,722.0,32,50.72,46.32,19274,23136,4500,2608
Lobato,93.27,42.06,4401,2167,215,1251,4600,240.58,19,49.24,33.31,4105,4793,814,568
Londrina,97.4,41.76,506701,263642,20230,110423,588125,1649.85,356,52.03,25.79,493520,577573,106386,75856
Luiziana,65.02,48.86,7315,3579,273,3221,6711,916.41,7,48.93,47.76,4756,7228,1536,826
Lunardelli,69.65,49.52,5160,2601,88,1517,5027,197.02,26,50.41,31.1,3594,5295,919,819
Lupionópolis,88.83,48.8,4592,2331,121,1938,4812,121.61,40,50.76,44.84,4079,4854,843,660
Mallet,58.35,44.97,12973,6274,160,1193,13378,752.02,18,48.36,10.43,7570,13392,2515,1454
Mamborê,64.35,45.0,13961,7014,277,5109,13404,787.9,17,50.24,38.58,8984,13131,2504,1714
Mandaguaçu,88.9,43.6,19781,9928,750,6113,31544,293.96,107,50.19,34.69,17585,23007,4344,2711
Mandaguari,94.72,43.07,32658,16623,1283,9140,36827,335.46,110,50.9,31.92,30934,37138,6303,5245
Mandirituba,33.37,50.42,22220,10905,329,5783,33795,378.87,89,49.08,27.51,7414,28118,6304,2568
Manfrinópolis,20.85,52.17,3127,1447,68,932,2775,214.91,13,46.27,31.98,652,3190,627,398
Mangueirinha,49.24,51.22,17048,8609,394,6079,17287,1058.85,16,50.5,37.97,8394,17168,3942,1779
Manoel Ribas,51.67,51.07,13169,6642,188,2878,13702,571.69,24,50.44,23.28,6805,13532,3046,1516
Marechal Cândido Rondon,83.61,40.82,46819,23986,1219,6797,56530,746.56,76,51.23,17.12,39147,53062,9271,6262
Maria Helena,67.06,45.45,5956,2963,346,2384,5872,487.7,12,49.75,45.84,3994,5994,915,822
Marialva,80.7,41.34,31959,16164,943,8086,47028,475.08,99,50.58,28.25,25792,36331,6632,4767
Marilândia do Sul,71.24,48.01,8863,4363,221,2195,9757,384.8,25,49.23,27.26,6314,9218,1736,1174
Marilena,72.67,48.8,6858,3325,339,3338,7220,231.99,31,48.48,53.62,4984,7025,1281,1005
Mariluz,82.81,52.87,10224,5111,428,4658,9846,429.75,23,49.99,49.75,8467,10250,2115,1219
Maringá,98.2,36.5,357077,185353,11720,78662,454146,486.31,934,51.91,25.31,350653,442009,75968,54982
Mariópolis,71.3,44.32,6268,3152,104,1909,6356,231.58,27,50.29,32.12,4469,6452,1224,797
Maripá,57.39,43.72,5684,2844,101,660,6639,283.59,23,50.04,13.39,3262,5866,883,907
Marmeleiro,63.48,48.05,13900,6991,214,3645,15873,388.05,41,50.29,27.76,8824,14141,2720,1822
Marquinho,10.52,54.16,4981,2369,247,1642,4348,503.45,9,47.56,37.92,524,4754,1002,585
Marumbi,68.24,44.16,4603,2315,118,1040,4700,208.67,23,50.29,25.16,3141,4726,802,624
Matelândia,72.23,46.12,16078,8110,424,3970,18472,639.53,29,50.44,27.33,11613,18043,3853,1917
Matinhos,99.49,48.13,29428,15093,845,8217,39212,116.45,337,51.29,30.79,29279,37434,7363,5177
Mato Rico,25.07,46.85,3818,1789,127,1179,3279,396.36,8,46.86,34.21,957,3645,683,505
Mauá da Serra,81.98,50.62,8555,4194,261,2354,8937,107.24,83,49.02,30.57,7013,10668,2669,833
Medianeira,89.41,40.86,41817,21250,923,9086,54390,328.43,166,50.82,23.94,37390,46069,8916,4954
Mercedes,48.34,47.33,5046,2522,53,554,5945,197.63,30,49.98,12.03,2439,5618,1089,775
Mirador,67.86,48.5,2327,1147,87,1129,2240,222.2,10,49.29,52.26,1579,2321,484,290
Miraselva,76.8,44.23,1862,939,134,648,1965,89.99,22,50.43,42.0,1430,1934,282,358
Missal,51.75,44.27,10474,5205,154,1714,12951,323.78,40,49.69,17.83,5420,10832,1860,1658
Moreira Sales,78.8,50.79,12606,6291,628,5608,11170,353.82,32,49.9,49.47,9933,11924,2072,1910
Morretes,45.67,51.47,15718,7768,609,4891,18396,688.47,27,49.42,34.99,7178,16522,3627,1906
Munhoz de Melo,80.99,47.06,3672,1836,75,1406,3937,137.13,29,50.0,40.33,2974,4010,638,645
Nossa Senhora das Graças,82.95,42.6,3836,1884,80,1822,3677,186.25,20,49.11,49.58,3182,3995,605,486
Nova Aliança do Ivaí,72.75,44.11,1431,713,59,608,1315,131.77,10,49.83,46.61,1041,1597,350,151
Nova América da Colina,72.57,47.06,3478,1709,122,888,3277,129.23,25,49.14,29.04,2524,3391,648,432
Nova Aurora,76.18,43.48,11866,6038,318,3336,12848,470.01,27,50.88,30.79,9040,12276,1994,1835
Nova Cantu,55.27,49.49,7425,3668,127,2456,6781,553.58,12,49.4,34.79,4104,6828,1225,975
Nova Esperança,91.39,45.03,26615,13596,709,8506,26616,404.02,66,51.08,34.62,24323,27650,4894,3753
Nova Esperança do Sudoeste,34.21,48.46,5098,2441,88,1143,5592,207.22,27,47.88,24.15,1744,5162,1000,601
Nova Fátima,81.12,47.78,8147,4113,326,2786,7225,283.23,26,50.48,38.2,6609,8117,1581,1063
Nova Laranjeiras,21.1,58.86,11241,5550,329,2494,14132,1208.84,12,49.37,25.11,2372,10932,2782,1140
Nova Londrina,91.94,46.15,13067,6642,686,5771,12911,270.57,48,50.83,49.41,12014,13201,2509,1642
Nova Olímpia,85.14,46.79,5503,2812,183,2126,5834,134.87,43,51.1,41.96,4685,5845,1055,844
Nova Prata do Iguaçu,58.47,46.36,10377,5152,222,2272,10780,348.95,31,49.65,24.03,6067,10566,1910,1344
Nova Santa Bárbara,83.9,52.3,3908,2012,100,1525,4183,80.47,52,51.48,41.58,3279,4104,740,665
Nova Santa Rosa,69.7,46.04,7626,3835,86,872,8292,204.84,40,50.29,12.56,5315,8189,1458,1146
Nova Tebas,39.08,52.19,7398,3584,106,2690,6848,545.5,13,48.45,37.79,2891,7540,1349,1171
Novo Itacolomi,56.17,44.97,2827,1342,115,424,4061,161.07,25,47.47,19.07,1588,2954,439,429
Ortigueira,41.01,53.5,23380,11302,594,4552,26078,2432.08,11,48.34,22.01,9587,24322,5437,2749
Ourizona,90.06,43.28,3380,1675,116,1230,3184,175.42,18,49.56,39.82,3044,3469,581,497
Ouro Verde do Oeste,70.96,46.14,5692,2825,239,2338,6808,294.12,23,49.63,45.27,4039,6013,1165,760
Paiçandu,98.63,41.68,35936,18114,1688,13802,49999,171.72,291,50.41,43.1,35445,42317,8295,4262
Palmas,92.79,55.23,42888,21705,1638,16292,43769,1564.99,28,50.61,41.81,39795,49122,13201,3268
Palmeira,60.32,46.22,32123,16077,808,6773,36384,1472.42,25,50.05,23.6,19375,33761,7118,3267
Palmital,49.77,56.06,14865,7352,235,2733,13080,821.31,16,49.46,19.97,7399,14241,3075,1847
Palotina,85.93,41.71,28683,14686,1289,7109,35063,652.56,54,51.2,29.28,24646,31876,5993,3931
Paraíso do Norte,94.28,43.42,11772,5921,454,4391,13246,204.16,65,50.3,41.16,11099,13815,2773,1415
Paranacity,92.38,48.44,10250,5135,687,4664,9561,347.8,27,50.1,52.2,9469,11801,2671,1107
Paranaguá,96.38,48.03,140469,71163,3949,43869,157043,809.33,194,50.66,34.04,135386,154539,35709,12606
Paranapoema,89.57,44.39,2791,1408,131,1613,2406,178.26,13,50.45,62.49,2500,3261,715,282
Paranavaí,95.27,44.22,81590,42308,3418,26796,90969,1197.23,76,51.85,37.03,77728,87926,16285,11427
Pato Bragado,62.07,45.81,4822,2454,30,536,5976,136.65,44,50.89,11.74,2993,5551,1111,610
Pato Branco,94.09,40.92,72370,37386,1395,15199,94239,537.75,175,51.66,22.93,68091,84054,16733,8906
Paula Freitas,50.57,46.86,5434,2632,79,1020,5616,425.55,13,48.44,20.22,2748,5862,1172,641
Paulo Frontin,31.43,44.65,6913,3280,190,449,6460,370.19,17,47.45,9.24,2173,7290,1363,820
Peabiru,80.81,46.1,13624,6893,395,3980,13345,468.89,28,50.59,32.11,11009,13749,2486,1605
Perobal,54.48,45.81,5653,2828,294,1709,7132,407.85,17,50.03,35.43,3080,6052,1111,759
Pérola,79.06,43.88,10208,5204,305,3151,11885,234.72,51,50.98,33.86,8070,11365,1961,1628
Pérola d'Oeste,47.14,47.17,6761,3360,102,1108,6197,203.93,30,49.7,17.9,3187,6862,1087,1070
Piên,40.25,45.19,11236,5477,245,1897,13552,256.34,53,48.75,19.06,4523,13059,2920,1045
Pinhais,100.0,40.87,117008,60199,4119,30675,131048,60.85,2154,51.45,29.74,117008,132575,28000,11020
Pinhal de São Bento,44.42,52.97,2625,1256,83,745,2762,98.12,28,47.85,31.54,1166,2654,547,282
Pinhalão,63.14,46.65,6215,3050,268,1369,6564,220.26,30,49.07,26.34,3924,6251,1108,784
Pinhão,50.71,56.7,30208,15027,788,11106,29931,2003.73,15,49.75,39.37,15317,31922,7803,2698
Piraí do Sul,68.74,51.77,23424,11804,554,3756,23514,1343.95,17,50.39,18.4,16102,25459,5887,2556
Piraquara,49.07,45.87,93207,45013,3506,27732,131101,224.89,583,48.29,33.51,45738,118635,28479,7416
Pitanga,63.09,47.74,32638,16388,701,6166,33640,1664.77,20,50.21,21.04,20590,32068,6388,3632
Pitangueiras,72.49,46.18,2814,1373,69,1110,3016,123.53,24,48.79,41.9,2040,3275,652,348
Planaltina do Paraná,67.72,48.64,4095,2025,341,1609,4063,356.68,11,49.45,47.62,2773,4194,792,544
Planalto,44.44,43.83,13654,6805,208,1580,14300,346.85,41,49.84,13.1,6068,13919,2257,2181
Ponta Grossa,97.79,45.89,311611,160249,8417,56076,391654,2042.67,192,51.43,20.7,304733,356044,78275,34179
Pontal do Paraná,99.15,47.28,20920,10563,631,6027,32985,201.97,163,50.49,31.83,20743,26523,5092,3646
Porecatu,80.64,43.73,14189,7153,668,6714,11596,291.35,40,50.41,52.03,11442,14663,2384,2179
Porto Amazonas,65.31,48.15,4514,2258,166,1391,5543,186.76,30,50.02,34.49,2948,4805,971,528
Porto Barreiro,18.86,46.34,3663,1748,47,842,3111,366.24,8,47.72,24.27,691,3536,700,438
Porto Rico,69.72,45.49,2530,1246,194,1108,3194,226.43,14,49.25,51.46,1764,2563,500,290
Porto Vitória,55.6,52.16,4020,1959,112,897,3484,210.45,17,48.73,25.1,2235,4131,851,513
Prado Ferreira,87.8,45.08,3434,1694,141,1015,3663,152.9,24,49.33,33.66,3015,3765,753,471
Pranchita,64.05,44.34,5628,2812,98,1191,5705,225.84,25,49.96,22.9,3605,5728,912,938
Presidente Castelo Branco,87.73,44.53,4784,2329,317,1652,4334,154.63,28,48.68,41.16,4197,5319,1063,542
Primeiro de Maio,93.09,44.47,10832,5431,287,3398,10239,410.74,25,50.14,34.02,10083,11200,1711,1794
Prudentópolis,46.04,48.63,48792,23901,782,7802,49395,2257.71,22,48.99,17.59,22463,51115,10676,5390
Quarto Centenário,59.97,44.65,4856,2465,187,2398,4213,322.46,13,50.76,53.23,2912,4476,790,564
Quatiguá,90.45,41.72,7045,3592,54,1405,8092,112.8,72,50.99,20.71,6372,7407,1252,1038
Quatro Barras,90.38,43.54,19851,9896,484,4448,26452,180.67,146,49.85,24.85,17941,24876,5518,2148
Quatro Pontes,64.08,45.49,3803,1953,69,318,4051,115.68,35,51.35,10.18,2437,3904,589,579
Quedas do Iguaçu,68.57,52.25,30605,15208,1197,8850,30785,823.03,37,49.69,32.83,20987,34617,7912,3598
Querência do Norte,64.98,48.09,11729,5792,763,5010,10708,1007.76,11,49.38,49.22,7622,12359,2566,1429
Quinta do Sol,74.9,47.31,5088,2543,226,2350,5009,325.88,15,49.98,50.63,3811,4752,875,673
Quitandinha,28.6,48.17,17089,8252,289,2495,19240,446.75,43,48.29,16.29,4887,19366,4033,1985
Ramilândia,49.42,51.76,4134,2010,42,1567,4848,240.07,20,48.62,38.92,2043,4444,969,433
Rancho Alegre,87.74,47.85,3955,2002,207,1268,3511,168.01,21,50.62,37.29,3470,3774,560,710
Rancho Alegre D'Oeste,80.89,46.6,2847,1433,148,1411,2615,239.93,11,50.33,54.76,2303,2653,451,455
Realeza,72.2,44.44,16338,8334,295,3491,18928,355.5,53,51.01,23.17,11796,16671,3085,2216
Rebouças,52.94,49.17,14176,6975,161,4092,14524,481.31,30,49.2,30.0,7505,14637,3066,1535
Renascença,51.16,47.8,6812,3385,124,1957,6839,425.85,16,49.69,30.55,3485,6948,1439,800
Reserva,48.49,56.36,25172,12246,829,8582,26786,1644.23,16,48.65,37.39,12206,26529,6520,2364
Reserva do Iguaçu,53.44,57.68,7307,3560,212,3472,7009,832.68,8,48.72,50.42,3905,7949,1971,636
Ribeirão Claro,66.35,46.96,10678,5406,186,1575,12357,626.24,20,50.63,16.49,7085,10543,1890,1416
Ribeirão do Pinhal,81.91,52.37,13524,6793,647,3514,13053,376.24,35,50.23,30.77,11078,12992,2433,2022
Rio Azul,35.56,47.83,14093,6753,327,1665,14032,600.79,23,47.92,14.13,5012,15273,3256,1430
Rio Bom,60.2,50.32,3334,1592,69,929,3755,177.52,21,47.75,29.93,2007,3378,535,593
Rio Bonito do Iguaçu,24.32,55.12,13661,6602,170,4219,13955,686.82,20,48.33,32.13,3322,14102,3097,1723
Rio Branco do Ivaí,23.58,54.5,3898,1936,35,1623,3866,381.68,10,49.67,42.53,919,3930,861,439
Rio Branco do Sul,71.92,48.78,30650,15104,794,10788,32566,819.69,40,49.28,37.79,22045,32497,7832,2315
Rio Negro,82.21,46.27,31274,15704,437,6000,31406,604.72,52,50.21,20.58,25710,34763,7447,3528
Rolândia,94.62,41.9,57862,29403,3055,14540,71344,454.17,157,50.82,30.41,54749,68198,13190,7830
Roncador,61.71,48.18,11537,5714,786,3698,11253,741.24,15,49.53,38.87,7120,10812,1973,1408
Rondon,79.99,45.78,8996,4432,167,3041,9093,551.49,16,49.27,35.66,7196,9791,1869,1115
Rosário do Ivaí,48.69,52.47,5588,2757,222,1794,5697,377.84,15,49.34,36.08,2721,5674,1050,848
Sabáudia,83.61,41.47,6096,3045,198,1508,8819,191.52,46,49.95,27.99,5097,6935,1253,898
Salgado Filho,51.19,52.3,4403,2155,62,1232,4144,187.64,22,48.94,29.39,2254,4416,716,695
Salto do Itararé,71.9,46.85,5178,2564,126,1204,5195,199.78,26,49.52,25.69,3723,4947,834,794
Salto do Lontra,54.28,45.1,13689,6748,247,3023,14006,312.44,45,49.3,23.89,7431,14672,2914,1550
Santa Amélia,75.89,50.85,3803,1897,215,680,3396,78.37,43,49.88,23.53,2886,3613,675,574
Santa Cecília do Pavão,83.85,49.98,3646,1842,102,1286,3361,106.23,32,50.52,38.07,3057,3466,661,492
Santa Cruz de Monte Castelo,71.09,46.46,8092,4041,316,3783,8630,442.93,19,49.94,50.65,5753,8149,1455,1125
Santa Fé,88.5,42.42,10432,5314,219,3440,11397,276.29,41,50.94,35.07,9232,12053,2142,1546
Santa Helena,53.76,43.46,23413,11907,406,3998,24917,758.69,33,50.86,18.81,12586,26870,4836,3585
Santa Inês,65.57,42.92,1818,891,109,835,1744,156.29,11,49.01,51.93,1192,1861,309,250
Santa Isabel do Ivaí,80.62,47.25,8760,4373,207,3691,8897,348.58,26,49.92,44.5,7062,8833,1415,1463
Santa Izabel do Oeste,56.51,47.24,13132,6504,368,3645,12444,322.28,39,49.53,30.56,7421,14673,2683,1772
Santa Lúcia,64.61,52.49,3925,1966,52,1009,3668,128.81,28,50.09,27.03,2536,3965,839,608
Santa Maria do Oeste,27.92,52.48,11500,5587,452,4292,9811,827.9,12,48.58,41.25,3211,11184,2414,1251
Santa Mariana,66.91,46.35,12435,6264,867,3835,11111,425.5,26,50.37,37.81,8320,11933,1897,2014
Santa Mônica,41.3,50.29,3571,1728,133,1856,3357,259.39,13,48.39,55.7,1475,4094,902,347
Santa Tereza do Oeste,77.77,46.57,10332,5084,280,3466,12928,326.95,40,49.21,36.26,8035,10608,2388,976
Santa Terezinha de Itaipu,90.38,44.01,20841,10644,659,5572,23236,267.36,87,51.07,29.9,18837,24129,4723,2716
Santana do Itararé,65.84,49.89,5249,2606,46,1377,5514,251.81,22,49.65,27.11,3456,4980,919,659
Santo Antônio da Platina,86.51,47.43,42707,21704,2069,9412,45261,721.49,63,50.82,26.88,36944,45941,9558,5519
Santo Antônio do Caiuá,77.85,48.13,2727,1381,141,1354,2499,222.21,11,50.64,54.82,2123,2707,447,406
Santo Antônio do Paraíso,75.66,48.55,2408,1208,78,682,2122,163.08,13,50.17,31.56,1822,2296,407,359
Santo Antônio do Sudoeste,72.57,53.48,18893,9628,526,5706,19677,325.74,60,50.96,32.99,13711,20120,4356,2365
Santo Inácio,79.71,42.95,5269,2606,130,2318,6184,280.76,22,49.46,46.46,4200,5440,968,658
São Carlos do Ivaí,89.38,45.27,6354,3100,130,2524,6588,225.05,29,48.79,41.77,5679,6897,1331,794
São Jerônimo da Serra,49.93,53.51,11337,5491,463,2848,10742,824.85,13,48.43,29.21,5661,11045,2298,1323
São João,63.54,45.47,10599,5359,225,2013,11683,385.3,30,50.56,21.12,6735,10730,1860,1662
São João do Caiuá,85.25,49.34,5911,2986,182,3151,5585,305.38,18,50.52,56.39,5039,5933,1140,746
São João do Ivaí,77.0,46.16,11525,5847,490,4452,10665,352.54,30,50.73,42.88,8874,11871,1863,2072
São João do Triunfo,29.54,48.63,13704,6496,168,2659,13725,718.91,19,47.4,20.63,4048,15400,3662,1241
São Jorge do Ivaí,86.66,45.72,5517,2793,116,1339,5159,315.65,16,50.63,26.37,4781,5663,922,971
São Jorge do Patrocínio,58.58,43.59,6041,2973,140,2449,6520,409.19,16,49.21,42.86,3539,5981,920,1156
São Jorge d'Oeste,57.39,43.8,9085,4539,263,2367,9308,378.71,25,49.96,28.95,5214,9300,1562,1220
São José da Boa Vista,59.35,50.4,6511,3148,65,1441,5968,399.14,15,48.35,23.13,3864,6213,1133,867
São José das Palmeiras,62.95,46.41,3830,1904,404,1394,4063,182.73,22,49.71,46.95,2411,3909,672,500
São José dos Pinhais,89.66,42.42,264210,133613,8490,61874,327746,945.88,346,50.57,26.63,236895,334379,76623,23634
São Manoel do Paraná,55.24,45.39,2098,1044,54,677,2132,94.41,23,49.76,34.84,1159,2261,359,388
São Mateus do Sul,62.31,46.06,41257,20476,723,6021,44313,1342.06,33,49.63,16.35,25706,46647,10043,4056
São Miguel do Iguaçu,63.97,45.44,25769,12912,1171,4417,29285,852.52,34,50.11,21.68,16485,27463,5324,3524
São Pedro do Iguaçu,62.47,47.96,6491,3199,236,2510,6854,309.06,22,49.28,42.3,4055,6601,1166,1040
São Pedro do Ivaí,79.12,43.91,10167,5052,656,2918,8691,322.91,27,49.69,35.15,8044,10588,2183,1222
São Pedro do Paraná,65.48,47.22,2491,1230,46,1314,2654,254.92,10,49.38,54.6,1631,2493,391,370
São Sebastião da Amoreira,88.02,47.35,8626,4370,369,2823,8070,226.08,36,50.66,37.0,7593,8882,1593,1172
São Tomé,83.12,42.87,5349,2653,102,1549,5385,218.12,25,49.6,30.87,4446,5801,1124,658
Sapopema,52.73,51.34,6736,3229,181,1721,6444,678.07,10,47.94,28.24,3552,6688,1383,681
Sarandi,99.15,43.17,82847,42017,4222,32544,126057,103.81,1214,50.72,44.38,82146,96569,20645,8829
Saudade do Iguaçu,49.78,51.67,5028,2491,52,1398,6137,149.39,41,49.54,28.84,2503,5618,1286,654
Sengés,82.04,51.81,18414,8951,489,5176,17112,1440.49,12,48.61,30.76,15107,19398,4540,1561
Serranópolis do Iguaçu,50.83,45.99,4568,2339,18,544,5034,483.64,10,51.2,12.3,2322,4718,799,816
Sertaneja,87.76,46.3,5817,2921,164,1425,5761,449.16,13,50.21,27.32,5105,5597,862,1002
Sertanópolis,87.68,43.23,15638,7890,694,3429,16694,504.92,33,50.45,26.37,13711,16281,2800,2323
Siqueira Campos,72.74,44.84,18454,9248,313,3755,24083,278.5,86,50.11,22.04,13424,19885,3793,2136
Sulina,40.95,50.91,3394,1681,81,501,3440,174.68,20,49.53,17.15,1390,3464,576,573
Tamarana,47.77,53.1,12262,5986,567,2910,12115,473.32,26,48.82,28.36,5858,14796,3573,1437
Tamboara,85.68,43.07,4664,2355,247,1174,4879,193.12,25,50.49,30.47,3996,5176,940,641
Tapejara,90.19,45.2,14598,7293,440,5857,15659,597.4,26,49.96,43.14,13166,16418,3359,1645
Tapira,58.86,49.6,5836,2918,194,2243,5743,435.99,13,50.0,41.76,3435,5857,1013,877
Teixeira Soares,46.64,51.29,10283,4951,145,2657,9565,901.77,11,48.15,27.25,4796,11682,2489,1084
Telêmaco Borba,97.95,48.2,69872,35486,1535,18773,73331,1382.59,53,50.79,29.06,68440,80408,18910,7069
Terra Boa,82.73,44.36,15776,7954,430,5782,18654,324.29,58,50.42,39.38,13051,16806,3007,2063
Terra Rica,81.27,47.49,15221,7612,852,6477,14862,698.46,21,50.01,48.15,12370,17137,3597,2051
Terra Roxa,76.38,45.64,16759,8464,596,5065,18448,800.73,23,50.5,33.78,12801,17211,3080,2319
Tibagi,60.32,55.97,19344,9540,729,6154,18612,2973.37,6,49.32,35.58,11668,20594,5120,1862
Tijucas do Sul,15.72,52.12,14537,6991,592,3366,17717,671.46,26,48.09,27.23,2285,17206,3873,1726
Toledo,90.74,39.44,119313,60976,3483,32173,156123,1195.58,131,51.11,29.88,108259,140837,26015,13945
Tomazina,46.85,45.47,8791,4261,287,2363,9659,592.9,16,48.47,30.14,4119,8485,1519,1165
Três Barras do Paraná,51.55,51.53,11824,5830,244,2513,11142,509.69,22,49.31,23.32,6095,12085,2517,1421
Tunas do Paraná,44.63,60.7,6256,2985,262,2255,8617,672.74,13,47.71,40.23,2792,7632,2346,262
Tuneiras do Oeste,68.69,46.9,8695,4254,280,3181,10332,700.77,15,48.92,39.8,5973,9442,1815,1123
Tupãssi,78.6,47.68,7997,3946,118,2120,8088,299.82,27,49.34,27.99,6286,8248,1472,1365
Turvo,36.55,51.14,13811,6831,229,3322,16147,934.82,17,49.46,25.71,5048,13340,2856,1460
Ubiratã,85.34,44.67,21558,11054,575,6771,24733,653.21,38,51.28,34.08,18397,20401,3431,2882
Umuarama,92.83,40.32,100676,51888,3341,30767,117148,1234.25,95,51.54,33.88,93455,111869,20319,13934
União da Vitória,94.78,48.31,52735,26917,1252,11614,55238,717.23,77,51.04,24.4,49983,57280,12120,5948
Uniflor,80.58,45.49,2466,1234,44,1070,2136,94.96,22,50.04,45.17,1987,2600,503,310
Uraí,81.57,48.01,11472,5791,611,3203,10378,237.6,44,50.48,33.25,9358,11159,1858,1916
Ventania,65.39,50.16,9957,4813,179,2671,9682,817.87,12,48.34,28.62,6511,11912,2811,868
Vera Cruz do Oeste,76.49,49.72,8973,4562,217,3458,9326,330.93,28,50.84,40.96,6863,9100,1635,1377
Verê,41.65,43.21,7878,3940,130,1311,7929,313.3,25,50.01,18.29,3281,8032,1354,1208
Virmond,47.59,48.44,3950,1951,92,694,3813,248.83,15,49.39,19.9,1880,3981,846,485
Vitorino,61.23,47.96,6513,3283,241,766,9942,307.39,32,50.41,15.46,3988,6800,1362,811
Wenceslau Braz,80.37,49.61,19298,9787,336,4191,18894,396.22,48,50.72,23.46,15509,19054,3820,2400
Xambrê,33.1,50.75,6012,3014,226,2535,5769,359.25,16,50.13,45.92,1990,5990,998,962