Localidade,Ano,Rendimento Médio (RAIS) - Total (R$ 1.00),Rendimento Médio (RAIS) - Masculino (R$ 1.00),Rendimento Médio (RAIS) - Feminino (R$ 1.00),Índice de Gini da Renda Domiciliar per Capita (2010),Renda Média da População (R$) ,Renda Média dos Declarantes (R$)
Abatiá,2021,2223.99,2135.51,2327.39,"0,4424",48126,697689
Adrianópolis,2021,3049.54,3331.6,2413.83,"0,5393",50268,520181
Agudos do Sul,2021,2061.84,2038.0,2091.45,"0,4797",39588,536335
Almirante Tamandaré,2021,2434.88,2523.23,2294.5,"0,4402",56201,494279
Altamira do Paraná,2021,2188.76,2263.78,2106.56,"0,5848",85866,566382
Alto Paraíso,2021,2506.17,2423.48,2662.76,"0,5769",55826,549060
Alto Paraná,2021,2171.16,2165.57,2179.08,"0,4385",56437,668734
Alto Piquiri,2021,2666.38,2902.36,2368.54,"0,4434",52614,653696
Altônia,2021,2021.75,2167.65,1888.4,"0,3853",44629,713556
Alvorada do Sul,2021,2327.83,2533.71,2086.51,"0,4858",85041,768445
Amaporã,2021,2559.27,2618.63,2479.42,"0,3977",35127,573255
Ampére,2021,2247.61,2528.69,1955.0,"0,5166",68068,695853
Anahy,2021,1910.49,2093.87,1697.15,"0,4353",50228,536531
Andirá,2021,2540.15,2692.58,2331.88,"0,436",109381,773430
Ângulo,2021,2336.9,2228.48,2463.81,"0,4445",98012,655652
Antonina,2021,2105.04,2392.24,1656.16,"0,5676",68271,571160
Antônio Olinto,2021,2122.82,2090.4,2162.16,"0,5055",24968,470653
Apucarana,2021,2416.39,2446.85,2381.94,"0,4505",105998,731240
Arapongas,2021,2517.47,2708.56,2281.54,"0,4658",116297,771911
Arapoti,2021,2661.91,2922.07,2233.67,"0,5783",98970,741360
Arapuã,2021,2371.5,2445.85,2273.82,"0,5118",84436,934071
Araruna,2021,2539.71,2667.56,2330.38,"0,3966",91314,744552
Araucária,2021,3533.13,3984.94,2891.43,"0,4637",111989,614098
Ariranha do Ivaí,2021,2508.71,2419.21,2615.17,"0,4085",61280,699469
Assaí,2021,2119.34,2179.77,2047.91,"0,5504",102519,768458
Assis Chateaubriand,2021,2270.93,2416.08,2098.3,"0,4834",162313,843965
Astorga,2021,2253.72,2413.61,2081.53,"0,51",101368,695306
Atalaia,2021,2670.54,2707.68,2622.3,"0,4068",91389,670473
Balsa Nova,2021,2884.76,3174.76,2341.31,"0,5067",76056,529358
Bandeirantes,2021,2276.59,2453.63,2076.23,"0,4929",102448,793620
Barbosa Ferraz,2021,2222.01,2288.86,2163.67,"0,491",56122,617770
Barra do Jacaré,2021,2259.98,2267.48,2251.61,"0,4286",65347,663252
Barracão,2021,2124.0,2325.48,1892.27,"0,5412",73527,626104
Bela Vista da Caroba,2021,2202.52,2478.25,1992.12,"0,5072",34596,515516
Bela Vista do Paraíso,2021,2286.91,2386.42,2159.84,"0,4741",132069,1041869
Bituruna,2021,2062.45,2174.14,1889.57,"0,4993",49038,724520
Boa Esperança,2021,3012.47,3236.83,2713.83,"0,4768",52286,533667
Boa Esperança do Iguaçu,2021,2152.08,2305.32,1989.35,"0,4539",140297,715991
Boa Ventura de São Roque,2021,2514.83,2596.42,2353.34,"0,5197",54517,808861
Boa Vista da Aparecida,2021,1969.15,2037.34,1898.58,"0,4902",45493,477735
Bocaiúva do Sul,2021,2211.51,2210.58,2213.73,"0,4599",47021,524952
Bom Jesus do Sul,2021,2259.21,2320.59,2210.1,"0,4758",34462,507657
Bom Sucesso,2021,1975.93,2004.41,1939.47,"0,4367",122391,863904
Bom Sucesso do Sul,2021,2554.24,2703.08,2349.47,"0,5571",53653,674765
Borrazópolis,2021,2176.7,2272.94,2075.32,"0,4394",107675,732895
Braganey,2021,2309.15,2260.33,2361.83,"0,5081",59613,639122
Brasilândia do Sul,2021,2619.05,2950.87,2217.44,"0,4582",73719,506816
Cafeara,2021,2596.72,2752.13,2471.17,"0,4028",66639,613241
Cafelândia,2021,2207.99,2360.67,2010.98,"0,4212",121996,766617
Cafezal do Sul,2021,2011.24,2121.67,1899.42,"0,4156",40616,542763
Califórnia,2021,2142.54,2085.48,2211.69,"0,5055",69084,703590
Cambará,2021,2378.55,2497.66,2203.71,"0,4763",111080,806834
Cambé,2021,2703.09,2857.63,2456.26,"0,4231",99606,647833
Cambira,2021,2600.92,2589.16,2621.46,"0,4275",77479,624645
Campina da Lagoa,2021,2028.57,2185.91,1869.35,"0,4673",105874,777206
Campina do Simão,2021,2505.66,2454.04,2582.06,"0,5034",28693,542772
Campina Grande do Sul,2021,2729.26,2841.34,2619.76,"0,4434",84626,504693
Campo Bonito,2021,2415.91,2627.45,2193.84,"0,4875",83301,803752
Campo do Tenente,2021,2185.06,2247.47,2097.87,"0,5016",42965,510567
Campo Largo,2021,2804.86,2974.01,2591.16,"0,4535",103515,608806
Campo Magro,2021,2587.57,2579.06,2601.36,"0,3984",45966,460435
Campo Mourão,2021,3052.16,3391.09,2642.88,"0,5044",172229,876736
Cândido de Abreu,2021,2040.84,2174.98,1749.05,"0,5669",34243,573006
Candói,2021,2537.84,2644.84,2394.04,"0,5476",51828,548083
Cantagalo,2021,2098.46,2152.86,2033.59,"0,5152",35350,525864
Capanema,2021,2507.63,2761.14,2239.51,"0,4527",79833,628554
Capitão Leônidas Marques,2021,2154.32,2281.85,2017.42,"0,4615",71600,588941
Carambeí,2021,2787.5,3018.05,2405.61,"0,5444",144206,875119
Carlópolis,2021,1979.97,1995.87,1962.5,"0,475",68487,584539
Cascavel,2021,2827.74,2982.64,2647.44,"0,5206",190574,910614
Castro,2021,2725.58,3029.42,2276.79,"0,5456",118453,781730
Catanduvas,2021,2410.38,2589.14,2201.33,"0,5415",56379,709412
Centenário do Sul,2021,3212.31,3147.13,3269.26,"0,4151",59027,603391
Cerro Azul,2021,2244.52,2244.73,2244.17,"0,4882",33611,477985
Céu Azul,2021,2446.67,2580.13,2273.59,"0,4721",123039,798131
Chopinzinho,2021,2448.9,2576.86,2303.51,"0,5521",109429,742455
Cianorte,2021,2446.04,2574.96,2309.33,"0,4141",118597,805403
Cidade Gaúcha,2021,2317.21,2474.82,2063.53,"0,4279",83181,724125
Clevelândia,2021,2399.95,2511.93,2250.08,"0,5626",81994,732647
Colombo,2021,2729.48,2747.36,2702.44,"0,4196",69990,482397
Colorado,2021,2466.34,2631.96,2163.26,"0,4372",108772,667420
Congonhinhas,2021,2258.42,2114.73,2403.88,"0,5071",44295,631757
Conselheiro Mairinck,2021,2256.11,2102.67,2448.66,"0,4766",57300,601883
Contenda,2021,2578.59,2481.12,2717.04,"0,4787",62824,537427
Corbélia,2021,2391.66,2442.44,2322.46,"0,481",112537,714235
Cornélio Procópio,2021,2269.43,2889.36,1788.22,"0,488",168253,875047
Coronel Domingos Soares,2021,2345.16,2329.12,2368.16,"0,5416",25667,383632
Coronel Vivida,2021,2586.62,2763.61,2368.39,"0,4741",103817,756301
Corumbataí do Sul,2021,2237.04,2360.04,2133.3,"0,4229",51380,533767
Cruz Machado,2021,2173.48,2131.64,2223.71,"0,5463",26129,580200
Cruzeiro do Iguaçu,2021,2315.13,2502.82,2114.84,"0,5147",60266,506996
Cruzeiro do Oeste,2021,2313.96,2415.87,2179.28,"0,4388",79148,668516
Cruzeiro do Sul,2021,2167.76,2187.5,2141.21,"0,4189",74703,618911
Cruzmaltina,2021,2506.73,2463.5,2574.08,"0,3801",45550,496464
Curitiba,2021,4220.87,4551.5,3874.94,"0,5652",342702,1127100
Curiúva,2021,1959.6,2012.62,1897.02,"0,4503",42126,497389
Diamante do Norte,2021,2427.93,2445.81,2410.44,"0,4461",90009,730236
Diamante do Sul,2021,1996.12,1937.92,2062.28,"0,4622",20442,496416
Diamante D'Oeste,2021,2292.49,2343.74,2239.39,"0,5059",45276,570386
Dois Vizinhos,2021,2609.33,2752.21,2419.09,"0,4754",123016,721910
Douradina,2021,3018.14,3402.77,2484.76,"0,4361",407353,2503684
Doutor Camargo,2021,2168.05,2365.64,1990.8,"0,3973",87829,667703
Doutor Ulysses,2021,2170.65,2226.7,2114.6,"0,5019",17812,376013
Enéas Marques,2021,2397.76,2530.07,2177.14,"0,5978",68781,617362
Engenheiro Beltrão,2021,2264.66,2442.7,2055.25,"0,4533",85151,609261
Entre Rios do Oeste,2021,2566.33,2734.28,2359.17,"0,4995",129959,741976
Esperança Nova,2021,2281.53,2320.28,2239.88,"0,3947",52264,521080
Espigão Alto do Iguaçu,2021,1929.36,2129.58,1723.59,"0,5798",37452,565697
Farol,2021,2631.77,2751.85,2471.42,"0,4953",63965,563821
Faxinal,2021,2334.44,2420.66,2232.59,"0,4868",69947,704592
Fazenda Rio Grande,2021,2823.81,2923.24,2686.43,"0,4922",81804,428597
Fênix,2021,2219.19,2415.46,2021.75,"0,4435",59185,535257
Fernandes Pinheiro,2021,2371.14,2364.89,2378.17,"0,5507",42597,634656
Figueira,2021,2385.4,2492.12,2214.83,"0,4572",69662,501514
Flor da Serra do Sul,2021,2081.75,2148.3,2023.17,"0,4617",44752,604092
Floraí,2021,2159.08,2204.4,2090.74,"0,4314",96264,769173
Floresta,2021,2227.55,2246.13,2210.21,"0,3687",167957,865817
Florestópolis,2021,2206.89,2378.05,1844.13,"0,3413",61084,494590
Flórida,2021,2567.84,2380.72,2739.84,"0,3921",98324,637926
Formosa do Oeste,2021,2386.46,2432.59,2337.53,"0,4195",159897,743117
Foz do Iguaçu,2021,3103.06,3421.17,2766.87,"0,5454",156413,758148
Foz do Jordão,2021,2012.9,1793.49,2272.06,"0,551",43018,420579
Francisco Alves,2021,1934.8,2070.65,1787.33,"0,4178",55910,531854
Francisco Beltrão,2021,2733.85,2873.94,2581.67,"0,4721",134564,743139
General Carneiro,2021,2292.75,2137.72,2574.38,"0,4871",37052,627553
Godoy Moreira,2021,2399.95,2433.03,2371.75,"0,4486",37289,532338
Goioerê,2021,2452.14,2668.85,2228.97,"0,492",118237,793240
Goioxim,2021,2424.92,2243.59,2732.25,"0,4938",23562,548461
Grandes Rios,2021,1979.69,1910.48,2065.5,"0,4576",51122,610910
Guaíra,2021,2508.31,2591.24,2415.69,"0,5752",130761,1029214
Guairaçá,2021,2550.67,2515.03,2605.67,"0,4548",53209,584155
Guamiranga,2021,2114.12,2061.19,2172.46,"0,4615",22710,581672
Guapirama,2021,2044.18,2049.15,2037.41,"0,4657",62634,472123
Guaporema,2021,2326.2,2453.6,2244.61,"0,3738",62295,576875
Guaraci,2021,2046.56,2308.07,1658.75,"0,3813",58058,499320
Guaraniaçu,2021,2388.21,2413.82,2357.49,"0,5452",82195,648696
Guarapuava,2021,2982.4,2991.2,2970.01,"0,5555",156616,971371
Guaraqueçaba,2021,1958.51,2029.66,1865.91,"0,4959",29706,473920
Guaratuba,2021,2423.68,2365.57,2475.22,"0,5583",103246,672893
Honório Serpa,2021,2665.5,2801.18,2466.18,"0,476",45359,498266
Ibaiti,2021,1941.17,1968.46,1902.35,"0,6311",67834,583300
Ibema,2021,2234.13,2301.08,2168.35,"0,4402",45186,569968
Ibiporã,2021,2646.22,2720.62,2530.18,"0,4782",89441,601120
Icaraíma,2021,2220.94,2202.48,2246.14,"0,4263",82409,781527
Iguaraçu,2021,2294.56,2430.66,2115.84,"0,4155",96354,632857
Iguatu,2021,2141.14,2184.58,2099.17,"0,4678",44545,536686
Imbaú,2021,2423.27,2437.46,2408.37,"0,433",38414,454337
Imbituva,2021,2223.24,2283.59,2121.74,"0,5191",53975,714895
Inácio Martins,2021,2024.81,2062.59,1961.18,"0,5182",25552,503837
Inajá,2021,2261.61,2256.77,2265.33,"0,4383",48262,594401
Indianópolis,2021,2280.73,2447.94,2062.24,"0,355",70252,551278
Ipiranga,2021,2306.77,2259.55,2385.23,"0,536",36793,457322
Iporã,2021,2367.25,2451.98,2254.71,"0,4479",78540,705172
Iracema do Oeste,2021,2318.53,2354.46,2280.06,"0,4083",80595,650246
Irati,2021,2344.94,2434.67,2236.22,"0,493",100473,786682
Iretama,2021,2374.01,2480.5,2245.14,"0,5843",47664,598641
Itaguajé,2021,2320.41,2288.06,2351.92,"0,4137",64284,558213
Itaipulândia,2021,2847.89,2811.42,2890.2,"0,6303",72697,620895
Itambaracá,2021,2258.97,2314.6,2187.04,"0,4228",73263,707672
Itambé,2021,2237.61,2259.22,2216.41,"0,3638",121742,870867
Itapejara d'Oeste,2021,2312.77,2493.42,2089.73,"0,4938",76904,603160
Itaperuçu,2021,1914.92,1870.22,1991.67,"0,4062",26785,394854
Itaúna do Sul,2021,2309.27,2384.0,2248.02,"0,384",63376,493695
Ivaí,2021,2078.86,2093.6,2058.14,"0,509",29627,553879
Ivaiporã,2021,2325.51,2411.19,2242.15,"0,4882",111901,791837
Ivaté,2021,2538.91,2635.78,2323.38,"0,3821",51694,576397
Ivatuba,2021,2467.29,2840.81,2193.59,"0,4392",127859,833497
Jaboti,2021,2026.19,2046.01,2005.69,"0,4843",53108,613581
Jacarezinho,2021,2705.44,2844.0,2518.46,"0,5404",112314,708670
Jaguapitã,2021,2416.9,2618.55,2196.26,"0,4048",86130,682582
Jaguariaíva,2021,2481.82,2679.44,2095.95,"0,5167",80202,614444
Jandaia do Sul,2021,2398.32,2535.36,2199.07,"0,4574",128716,710885
Janiópolis,2021,2440.01,2360.72,2550.05,"0,5043",73380,713494
Japira,2021,2300.66,2143.6,2450.91,"0,4776",47621,591361
Japurá,2021,2472.46,2674.4,2187.62,"0,3558",116222,905009
Jardim Alegre,2021,2233.09,2267.6,2176.26,"0,6144",71354,631025
Jardim Olinda,2021,2149.67,2186.95,2099.8,"0,4443",80361,731560
Jataizinho,2021,2339.4,2272.17,2431.85,"0,4673",51897,475619
Jesuítas,2021,2301.21,2417.99,2142.59,"0,4271",132222,706939
Joaquim Távora,2021,2280.78,2422.44,2106.15,"0,4346",189980,1388601
Jundiaí do Sul,2021,2312.88,2063.48,2686.19,"0,4992",70656,708515
Juranda,2021,2265.17,2406.06,2070.05,"0,4457",99241,811280
Jussara,2021,2619.25,2691.75,2427.81,"0,457",84000,552754
Kaloré,2021,1943.31,2134.87,1724.39,"0,3967",68019,502320
Lapa,2021,2529.72,2617.74,2419.8,"0,4947",84669,616367
Laranjal,2021,1834.4,1804.12,1874.27,"0,4878",18952,401538
Laranjeiras do Sul,2021,2292.99,2344.5,2231.93,"0,5462",96227,735465
Leópolis,2021,2575.47,2587.36,2558.87,"0,3898",60312,559630
Lidianópolis,2021,2180.32,2224.22,2128.44,"0,4063",55839,524464
Lindoeste,2021,2331.21,2405.53,2246.53,"0,5291",46839,513330
Loanda,2021,2226.64,2300.57,2141.34,"0,4721",87037,644449
Lobato,2021,2532.22,2729.84,2311.58,"0,3836",103064,650087
Londrina,2021,3112.39,3303.78,2896.78,"0,5226",214406,970236
Luiziana,2021,2487.82,2634.5,2132.51,"0,4857",45786,545220
Lunardelli,2021,2297.64,2267.12,2325.79,"0,4599",58155,580812
Lupionópolis,2021,2217.64,2438.26,2028.3,"0,4883",67488,638099
Mallet,2021,2677.85,2896.96,2352.92,"0,4737",75511,634503
Mamborê,2021,2309.88,2538.92,1803.09,"0,5072",166612,1014168
Mandaguaçu,2021,2317.47,2393.28,2221.0,"0,4094",92027,551731
Mandaguari,2021,2558.17,2892.97,2160.9,"0,4513",108611,637968
Mandirituba,2021,2405.81,2415.55,2388.16,"0,4767",53796,606955
Manfrinópolis,2021,2204.12,2322.91,2060.92,"0,4733",28467,509565
Mangueirinha,2021,2407.17,2691.73,2101.86,"0,5789",75225,684471
Manoel Ribas,2021,2562.67,2961.88,2102.21,"0,5999",61182,641750
Marechal Cândido Rondon,2021,2768.8,3061.57,2458.14,"0,5416",156002,764506
Maria Helena,2021,2156.38,2141.77,2175.07,"0,4171",52029,683287
Marialva,2021,2683.89,2822.8,2456.53,"0,4399",123402,659249
Marilândia do Sul,2021,2439.61,2593.99,2229.33,"0,4443",65070,637961
Marilena,2021,1962.16,2063.23,1893.22,"0,3613",37014,504251
Mariluz,2021,2483.79,2508.02,2453.58,"0,4619",42716,595026
Maringá,2021,2977.5,3150.92,2772.74,"0,4937",237573,980116
Mariópolis,2021,2440.19,2672.06,2146.82,"0,4859",75235,580185
Maripá,2021,2571.2,2838.8,2242.78,"0,4254",198567,925210
Marmeleiro,2021,2584.35,2656.65,2467.1,"0,5108",71996,595977
Marquinho,2021,2558.39,2636.55,2434.44,"0,5097",36339,630844
Marumbi,2021,1977.5,2229.02,1681.93,"0,4602",100255,930346
Matelândia,2021,1960.28,2133.0,1794.01,"0,4644",90999,631797
Matinhos,2021,2260.37,2294.6,2229.91,"0,4922",98556,624512
Mato Rico,2021,2179.75,2148.31,2212.01,"0,4615",34234,527662
Mauá da Serra,2021,2214.5,2290.01,2094.65,"0,4854",37463,556541
Medianeira,2021,2736.95,2988.07,2425.57,"0,4896",163379,817142
Mercedes,2021,2602.73,2805.34,2380.47,"0,4222",91821,670270
Mirador,2021,2302.88,2563.52,1982.64,"0,4191",39626,550745
Miraselva,2021,2700.67,2602.73,2769.31,"0,3904",114678,645648
Missal,2021,2689.52,2724.84,2650.92,"0,4679",131101,730126
Moreira Sales,2021,2356.45,2518.24,2171.24,"0,4486",52167,629448
Morretes,2021,2098.62,2191.79,2013.7,"0,5475",80898,507419
Munhoz de Melo,2021,2185.57,2146.16,2224.11,"0,3943",52755,570062
Nossa Senhora das Graças,2021,2358.13,2470.61,2278.16,"0,3327",87010,604393
Nova Aliança do Ivaí,2021,2262.44,2234.54,2293.57,"0,3423",59092,572826
Nova América da Colina,2021,2711.23,2732.47,2677.25,"0,3588",44223,530981
Nova Aurora,2021,2052.48,2233.74,1839.3,"0,5683",157501,866972
Nova Cantu,2021,2290.18,2446.52,2085.05,"0,482",67380,495658
Nova Esperança,2021,2400.03,2371.22,2437.2,"0,4693",55968,678360
Nova Esperança do Sudoeste,2021,2202.16,2439.6,1960.53,"0,5043",85536,736508
Nova Fátima,2021,2253.96,2218.27,2303.62,"0,4538",64020,628308
Nova Laranjeiras,2021,2527.36,2428.08,2659.99,"0,5688",32363,610500
Nova Londrina,2021,2397.84,2523.83,2175.61,"0,4986",100100,784168
Nova Olímpia,2021,2097.46,1985.09,2188.88,"0,3991",71289,640941
Nova Prata do Iguaçu,2021,2070.79,2088.75,2051.19,"0,4632",58239,697012
Nova Santa Bárbara,2021,2132.55,2124.5,2142.26,"0,5065",62334,601808
Nova Santa Rosa,2021,2572.98,2855.58,2230.86,"0,4148",129171,796809
Nova Tebas,2021,1982.39,2053.28,1922.67,"0,5017",45651,599294
Novo Itacolomi,2021,2325.58,2268.4,2385.68,"0,3819",57383,592612
Ortigueira,2021,3446.41,3690.21,2693.24,"0,5121",50620,644412
Ourizona,2021,2493.64,2338.55,2635.81,"0,4398",106340,798714
Ouro Verde do Oeste,2021,2417.74,2491.58,2303.08,"0,4151",79477,581672
Paiçandu,2021,2192.14,2405.49,2000.93,"0,369",59586,497221
Palmas,2021,2371.41,2518.61,2134.4,"0,5529",189768,1843016
Palmeira,2021,2555.81,2678.26,2402.3,"0,5864",102668,694273
Palmital,2021,2216.97,2219.26,2214.35,"0,5238",46586,510355
Palotina,2021,2613.63,2900.55,2267.18,"0,4823",220679,1036623
Paraíso do Norte,2021,2474.12,2791.94,1980.96,"0,4775",103271,655574
Paranacity,2021,2611.82,2555.03,2738.94,"0,4025",52144,565377
Paranaguá,2021,3170.83,3335.23,2864.45,"0,5235",111558,651646
Paranapoema,2021,1967.39,2172.23,1493.27,"0,4323",37664,573089
Paranavaí,2021,2639.86,2528.96,2772.13,"0,4805",135193,861825
Pato Bragado,2021,2419.58,2595.41,2236.55,"0,4343",86147,614382
Pato Branco,2021,3018.32,3259.32,2739.65,"0,5213",214463,929982
Paula Freitas,2021,2300.09,2289.66,2317.4,"0,6096",40847,577331
Paulo Frontin,2021,2309.66,2327.55,2291.47,"0,5265",39684,548956
Peabiru,2021,2465.67,2483.37,2441.42,"0,5536",84958,650281
Perobal,2021,2451.7,2463.0,2439.29,"0,4087",56828,546970
Pérola,2021,2050.52,2068.19,2034.11,"0,3709",62657,626368
Pérola d'Oeste,2021,2028.28,2224.84,1734.99,"0,444",64845,677223
Piên,2021,2978.77,3271.62,2586.8,"0,4322",52469,546854
Pinhais,2021,2817.43,3005.79,2536.22,"0,5082",155651,766174
Pinhal de São Bento,2021,2319.85,2070.65,2521.94,"0,3697",23272,517852
Pinhalão,2021,2090.6,2037.86,2144.87,"0,4924",53764,674613
Pinhão,2021,2368.58,2652.61,1992.17,"0,5356",44815,605444
Piraí do Sul,2021,2772.77,2770.32,2777.36,"0,5609",73468,625674
Piraquara,2021,2675.68,2641.34,2703.7,"0,4307",58505,509644
Pitanga,2021,2533.12,2361.79,2834.27,"0,5279",88468,742656
Pitangueiras,2021,2467.01,2547.15,2399.18,"0,3278",52570,522815
Planaltina do Paraná,2021,2113.77,2062.95,2201.79,"0,4313",73918,629036
Planalto,2021,2359.96,2499.34,2198.69,"0,4736",57572,614175
Ponta Grossa,2021,2928.53,3106.83,2674.74,"0,5437",150826,775590
Pontal do Paraná,2021,2361.25,2311.76,2406.76,"0,5124",85547,545587
Porecatu,2021,1933.84,1900.11,1972.82,"0,431",113379,669768
Porto Amazonas,2021,2539.22,2754.48,2151.42,"0,5116",56668,484560
Porto Barreiro,2021,3268.52,3225.99,3316.02,"0,5241",39305,539433
Porto Rico,2021,2482.35,2478.01,2489.15,"0,4874",85824,592878
Porto Vitória,2021,2078.99,2008.65,2188.69,"0,4494",34862,542436
Prado Ferreira,2021,2317.61,2382.76,2155.12,"0,5101",49576,497073
Pranchita,2021,2354.1,2463.98,2183.57,"0,5191",127685,791427
Presidente Castelo Branco,2021,2171.7,2036.6,2377.9,"0,3858",42910,505749
Primeiro de Maio,2021,2431.92,2640.46,2185.05,"0,4783",184668,1350432
Prudentópolis,2021,2222.98,2297.05,2130.41,"0,4777",63050,835463
Quarto Centenário,2021,2679.2,2715.86,2626.11,"0,6104",64311,658603
Quatiguá,2021,2257.76,2342.27,2138.34,"0,4286",82950,667615
Quatro Barras,2021,3470.18,3721.13,2913.49,"0,4915",130161,707178
Quatro Pontes,2021,2924.54,3198.27,2522.14,"0,4699",150886,682290
Quedas do Iguaçu,2021,2310.9,2516.13,2063.78,"0,5821",53981,655178
Querência do Norte,2021,2388.93,2440.36,2318.48,"0,5073",48088,824980
Quinta do Sol,2021,2307.02,2484.61,2030.83,"0,443",79339,631912
Quitandinha,2021,2566.6,2435.74,2686.75,"0,4853",36346,530047
Ramilândia,2021,2394.08,2289.47,2527.22,"0,4775",36611,557387
Rancho Alegre,2021,2353.03,2341.46,2366.2,"0,5072",77125,629456
Rancho Alegre D'Oeste,2021,3080.88,2999.65,3219.89,"0,4512",65767,556739
Realeza,2021,2199.99,2395.16,1961.15,"0,4387",97936,630705
Rebouças,2021,2125.03,2235.08,2005.22,"0,5224",47156,541736
Renascença,2021,2571.13,2786.63,2226.33,"0,5789",85355,614971
Reserva,2021,2076.52,2089.52,2056.76,"0,5091",33918,508712
Reserva do Iguaçu,2021,2281.13,2288.67,2273.12,"0,5729",44328,591294
Ribeirão Claro,2021,2238.89,2233.45,2245.92,"0,5485",110457,812027
Ribeirão do Pinhal,2021,1832.38,1945.11,1656.85,"0,5064",56898,657197
Rio Azul,2021,2704.58,2858.23,2534.47,"0,6383",38505,584082
Rio Bom,2021,2014.76,1997.3,2031.94,"0,4376",46740,607050
Rio Bonito do Iguaçu,2021,2434.98,2418.87,2452.64,"0,5123",25773,520771
Rio Branco do Ivaí,2021,1876.13,2035.2,1540.08,"0,4999",39007,536058
Rio Branco do Sul,2021,2560.79,2692.5,2270.45,"0,4759",51557,503904
Rio Negro,2021,2565.21,2782.59,2266.89,"0,4826",104048,701491
Rolândia,2021,2638.77,2810.56,2436.89,"0,4622",133529,819975
Roncador,2021,2396.65,2519.03,2236.11,"0,5362",67742,622852
Rondon,2021,2192.79,2243.98,2112.14,"0,4133",70293,629758
Rosário do Ivaí,2021,1851.94,1873.67,1831.06,"0,481",44873,507012
Sabáudia,2021,2135.7,2179.99,2054.07,"0,4166",85501,630818
Salgado Filho,2021,1876.67,2060.18,1755.78,"0,4586",57229,576093
Salto do Itararé,2021,1479.96,1651.43,1362.89,"0,4231",44817,593278
Salto do Lontra,2021,1882.84,1878.65,1887.65,"0,4627",50425,588167
Santa Amélia,2021,2147.96,2018.16,2285.78,"0,414",70068,794591
Santa Cecília do Pavão,2021,2243.22,2406.66,2037.17,"0,4799",78705,738395
Santa Cruz de Monte Castelo,2021,2274.17,2363.21,2161.25,"0,3819",71291,704816
Santa Fé,2021,2222.98,2270.01,2178.37,"0,4182",81130,759331
Santa Helena,2021,2748.47,2751.18,2745.53,"0,5292",100395,759757
Santa Inês,2021,2419.23,2472.13,2359.1,"0,3908",76521,631994
Santa Isabel do Ivaí,2021,2289.55,2332.54,2226.78,"0,414",90857,803294
Santa Izabel do Oeste,2021,2255.89,2482.71,2032.14,"0,4509",58776,805873
Santa Lúcia,2021,2090.1,2193.17,1971.84,"0,4455",46812,580258
Santa Maria do Oeste,2021,2339.03,2372.64,2304.4,"0,4854",36023,559371
Santa Mariana,2021,2444.88,2702.61,2073.15,"0,4377",92231,671198
Santa Mônica,2021,2143.29,2193.71,2058.09,"0,4853",25472,446809
Santa Tereza do Oeste,2021,2534.67,2692.47,2285.99,"0,4512",81353,563719
Santa Terezinha de Itaipu,2021,2293.64,2402.46,2167.34,"0,4626",122548,775504
Santana do Itararé,2021,1886.41,1882.66,1891.99,"0,5113",41296,511455
Santo Antônio da Platina,2021,2111.31,2204.05,2011.84,"0,548",92405,710177
Santo Antônio do Caiuá,2021,1990.86,1993.69,1987.35,"0,3605",41772,505499
Santo Antônio do Paraíso,2021,2089.75,2194.01,1951.47,"0,4879",117481,916792
Santo Antônio do Sudoeste,2021,2190.57,2354.16,2022.77,"0,5244",62431,632772
Santo Inácio,2021,2683.69,2911.1,2276.33,"0,5303",97828,626287
São Carlos do Ivaí,2021,2640.31,2798.96,2352.03,"0,3999",65790,659807
São Jerônimo da Serra,2021,2179.35,2177.14,2181.65,"0,5527",32500,504407
São João,2021,2153.76,2393.16,1914.85,"0,4365",55303,620776
São João do Caiuá,2021,2309.29,2310.2,2308.14,"0,4663",96677,825280
São João do Ivaí,2021,2364.17,2481.83,2240.91,"0,4367",35577,663679
São João do Triunfo,2021,2645.2,2622.93,2668.01,"0,5",116570,726315
São Jorge do Ivaí,2021,2343.99,2519.86,2102.28,"0,4328",166642,985803
São Jorge do Patrocínio,2021,1676.44,1769.02,1578.84,"0,402",56616,640194
São Jorge d'Oeste,2021,2388.62,2744.92,2013.54,"0,4758",73497,618387
São José da Boa Vista,2021,1851.99,1750.25,1974.07,"0,4375",39214,541606
São José das Palmeiras,2021,2132.77,2196.8,2056.2,"0,4549",61168,526974
São José dos Pinhais,2021,3496.77,3777.09,3036.35,"0,4599",117919,592826
São Manoel do Paraná,2021,1995.0,2084.61,1916.16,"0,4406",65401,604537
São Mateus do Sul,2021,2730.14,3249.94,2183.5,"0,5093",89301,721091
São Miguel do Iguaçu,2021,2521.09,2526.39,2514.26,"0,5467",131310,838197
São Pedro do Iguaçu,2021,2480.38,2756.14,2157.23,"0,4689",53124,558091
São Pedro do Ivaí,2021,2333.16,2440.15,2140.7,"0,4084",87504,898300
São Pedro do Paraná,2021,2218.61,2307.92,2075.04,"0,4038",53699,470951
São Sebastião da Amoreira,2021,1752.62,1615.2,1916.03,"0,4456",164237,1814185
São Tomé,2021,2341.51,2328.08,2355.29,"0,3863",55677,548192
Sapopema,2021,2216.35,2215.66,2217.72,"0,5849",50360,537329
Sarandi,2021,2478.32,2485.61,2468.87,"0,3741",53531,432687
Saudade do Iguaçu,2021,3685.86,3705.35,3659.17,"0,4704",64716,580033
Sengés,2021,2365.36,2479.28,2110.78,"0,5238",43235,503666
Serranópolis do Iguaçu,2021,2459.24,2443.31,2473.95,"0,507",129745,693986
Sertaneja,2021,2519.65,2774.02,2143.81,"0,5318",120445,866541
Sertanópolis,2021,2407.54,2454.68,2325.48,"0,4316",158850,966350
Siqueira Campos,2021,1948.4,2116.99,1751.0,"0,4968",85428,847064
Sulina,2021,2656.77,2835.76,2442.83,"0,4746",60399,546198
Tamarana,2021,2493.47,2359.13,2729.46,"0,4848",42872,693324
Tamboara,2021,2753.85,3026.22,2401.38,"0,3418",71234,646875
Tapejara,2021,2394.79,2516.54,2134.59,"0,41",56841,578852
Tapira,2021,2134.68,2163.18,2103.13,"0,4295",50072,519142
Teixeira Soares,2021,2367.99,2397.2,2316.77,"0,5156",41899,691000
Telêmaco Borba,2021,3084.54,3511.87,2403.7,"0,4958",115454,613742
Terra Boa,2021,2128.78,2172.32,2089.06,"0,4009",68470,685103
Terra Rica,2021,2328.17,2375.24,2258.65,"0,3891",72580,655116
Terra Roxa,2021,2333.69,2525.37,2128.85,"0,426",117815,818539
Tibagi,2021,2913.6,2891.45,2949.71,"0,5565",89534,708806
Tijucas do Sul,2021,2156.52,2095.64,2229.11,"0,4833",38378,491486
Toledo,2021,2706.93,2918.36,2471.85,"0,4706",174023,819314
Tomazina,2021,2039.78,2010.76,2083.29,"0,4599",70341,781151
Três Barras do Paraná,2021,2366.62,2434.71,2279.91,"0,5153",51796,669726
Tunas do Paraná,2021,2312.06,1957.89,3256.5,"0,5283",18730,435531
Tuneiras do Oeste,2021,1966.97,2086.37,1877.05,"0,3917",42354,504055
Tupãssi,2021,2750.99,2948.28,2500.77,"0,4768",117372,864457
Turvo,2021,2431.17,2413.69,2460.02,"0,5307",45242,525681
Ubiratã,2021,1999.67,2180.26,1807.37,"0,4784",150292,868322
Umuarama,2021,2411.04,2479.01,2329.67,"0,495",152940,926632
União da Vitória,2021,2375.8,2426.18,2313.02,"0,4882",95767,734106
Uniflor,2021,2245.13,2506.68,2017.65,"0,3687",33085,530581
Uraí,2021,2223.21,2333.4,2104.66,"0,4792",92104,704883
Ventania,2021,2196.1,2365.13,1896.34,"0,4386",33251,480789
Vera Cruz do Oeste,2021,2058.92,2254.68,1854.01,"0,5595",83545,707702
Verê,2021,2414.57,2547.35,2248.45,"0,4782",80340,609259
Virmond,2021,2248.26,2217.9,2287.0,"0,5398",41975,539372
Vitorino,2021,2538.36,2800.2,2029.73,"0,4968",111053,648821
Wenceslau Braz,2021,2149.25,2168.33,2123.63,"0,5186",73598,605080
Xambrê,2021,1807.0,1892.61,1702.57,"0,4879",43028,617983
